{
  "project_info": {
    "project_number": "801588046527",
    "project_id": "assignment2-19012021097login",
    "storage_bucket": "assignment2-19012021097login.appspot.com"
  },
  "client": [
    {
      "client_info": {
        "mobilesdk_app_id": "1:801588046527:android:0323de73663b15cb6cb40a",
        "android_client_info": {
          "package_name": "com.example.assignment2_19012021097_database"
        }
      },
      "oauth_client": [
        {
          "client_id": "801588046527-q51djedueo26qp8967rr3kv2rvsdoorq.apps.googleusercontent.com",
          "client_type": 1,
          "android_info": {
            "package_name": "com.example.assignment2_19012021097_database",
            "certificate_hash": "307895d2cc83dbd4c239c6fbe4cabcf68b2f427d"
          }
        },
        {
          "client_id": "801588046527-j2jv3ot8dp433gf94t39klmimi08a0fp.apps.googleusercontent.com",
          "client_type": 3
        }
      ],
      "api_key": [
        {
          "current_key": "AIzaSyDOIfeQ3uCtXu1lc2Kuz0ps0JIwfZuQY_4"
        }
      ],
      "services": {
        "appinvite_service": {
          "other_platform_oauth_client": [
            {
              "client_id": "801588046527-j2jv3ot8dp433gf94t39klmimi08a0fp.apps.googleusercontent.com",
              "client_type": 3
            }
          ]
        }
      }
    }
  ],
  "configuration_version": "1"
}